,,,,,,,,,,,,,,,,,,,,,,,,,,,,,,,,,,
,,,,,,,,,,,,,,,,,,,,,,,,,,,,,,,,,,
รหัสวัสดุ,(หลายรายการ),,,,,,,,,,,,,,,,,,,,,,,,,,,,,,,,,
,,,,,,,,,,,,,,,,,,,,,,,,,,,,,,,,,,
กลุ่มกิจการ,บริษัท-จาก-CA, กฟฟ.หน้างาน,ผลรวม ของ จำนวน,ผลรวม ของ รวมเป็นเงิน (บาท),,,,,,,,,,,,,,,,,,,,,,,,,,,,,,
CABLE TV,BYITV,F081," 1,179 "," 41,704.32 ",,,,,,,,,,,,,,,,,,,,,,,,,,,,,,
CABLE TV,BYITV,F082, 518 ," 17,736.32 ",,,,,,,,,,,,,,,,,,,,,,,,,,,,,,
CABLE TV,CHMTV,F111," 1,498 "," 51,291.52 ",,,,,,,,,,,,,,,,,,,,,,,,,,,,,,
CABLE TV,DNTV,F011," 7,484 "," 256,252.16 ",,,,,,,,,,,,,,,,,,,,,,,,,,,,,,
CABLE TV,DNTV,F131, 659 ," 22,975.04 ",,,,,,,,,,,,,,,,,,,,,,,,,,,,,,
CABLE TV,DNTV,F141, 814 ," 27,871.36 ",,,,,,,,,,,,,,,,,,,,,,,,,,,,,,
CABLE TV,HOHTV,F011, 588 ," 20,133.12 ",,,,,,,,,,,,,,,,,,,,,,,,,,,,,,
CABLE TV,JTV,F101, 831 ," 28,453.44 ",,,,,,,,,,,,,,,,,,,,,,,,,,,,,,
CABLE TV,KCTV,F011," 12,724 "," 592,238.58 ",,,,,,,,,,,,,,,,,,,,,,,,,,,,,,
CABLE TV,KCTV,F131, 759 ," 25,988.16 ",,,,,,,,,,,,,,,,,,,,,,,,,,,,,,
CABLE TV,KCTV,F141," 2,064 "," 70,671.36 ",,,,,,,,,,,,,,,,,,,,,,,,,,,,,,
CABLE TV,KTV,F093, 417 ," 15,031.36 ",,,,,,,,,,,,,,,,,,,,,,,,,,,,,,
CABLE TV,NOSTV,F012, 821 ," 28,111.04 ",,,,,,,,,,,,,,,,,,,,,,,,,,,,,,
CABLE TV,SETV,F071, 778 ," 26,638.72 ",,,,,,,,,,,,,,,,,,,,,,,,,,,,,,
CABLE TV,STUTV,F034, 324 ," 11,093.76 ",,,,,,,,,,,,,,,,,,,,,,,,,,,,,,
CABLE TV,STV,F041," 2,128 "," 72,862.72 ",,,,,,,,,,,,,,,,,,,,,,,,,,,,,,
CABLE TV,THNTV,F072, 273 ," 9,347.52 ",,,,,,,,,,,,,,,,,,,,,,,,,,,,,,
GENERAL,CWFGEN,F025, 303 ," 32,421.00 ",,,,,,,,,,,,,,,,,,,,,,,,,,,,,,
GENERAL,SSGGEN,F025, 34 ," 2,000.90 ",,,,,,,,,,,,,,,,,,,,,,,,,,,,,,
GOLD,GOLD,F022, 75 ," 4,413.75 ",,,,,,,,,,,,,,,,,,,,,,,,,,,,,,
GOLD,GOLD,F101, 5 , 294.25 ,,,,,,,,,,,,,,,,,,,,,,,,,,,,,,
TELECOM,AWN,F011," 21,292 "," 1,255,693.15 ",,,,,,,,,,,,,,,,,,,,,,,,,,,,,,
TELECOM,AWN,F012," 7,682 "," 452,085.70 ",,,,,,,,,,,,,,,,,,,,,,,,,,,,,,
TELECOM,AWN,F017," 5,700 "," 335,445.00 ",,,,,,,,,,,,,,,,,,,,,,,,,,,,,,
TELECOM,AWN,F021," 11,841 "," 698,742.10 ",,,,,,,,,,,,,,,,,,,,,,,,,,,,,,
TELECOM,AWN,F022," 11,295 "," 664,710.75 ",,,,,,,,,,,,,,,,,,,,,,,,,,,,,,
TELECOM,AWN,F023," 5,663 "," 333,267.55 ",,,,,,,,,,,,,,,,,,,,,,,,,,,,,,
TELECOM,AWN,F024," 2,898 "," 170,547.30 ",,,,,,,,,,,,,,,,,,,,,,,,,,,,,,
TELECOM,AWN,F025," 11,179 "," 657,884.15 ",,,,,,,,,,,,,,,,,,,,,,,,,,,,,,
TELECOM,AWN,F031," 12,637 "," 777,873.95 ",,,,,,,,,,,,,,,,,,,,,,,,,,,,,,
TELECOM,AWN,F032," 4,425 "," 260,411.25 ",,,,,,,,,,,,,,,,,,,,,,,,,,,,,,
TELECOM,AWN,F033," 3,086 "," 181,611.10 ",,,,,,,,,,,,,,,,,,,,,,,,,,,,,,
TELECOM,AWN,F034," 8,524 "," 501,637.40 ",,,,,,,,,,,,,,,,,,,,,,,,,,,,,,
TELECOM,AWN,F035," 7,797 "," 458,853.45 ",,,,,,,,,,,,,,,,,,,,,,,,,,,,,,
TELECOM,AWN,F036," 2,520 "," 148,302.00 ",,,,,,,,,,,,,,,,,,,,,,,,,,,,,,
TELECOM,AWN,F041," 11,070 "," 674,260.50 ",,,,,,,,,,,,,,,,,,,,,,,,,,,,,,
TELECOM,AWN,F043," 8,271 "," 486,748.35 ",,,,,,,,,,,,,,,,,,,,,,,,,,,,,,
TELECOM,AWN,F044," 7,735 "," 455,204.75 ",,,,,,,,,,,,,,,,,,,,,,,,,,,,,,
TELECOM,AWN,F046," 2,463 "," 144,947.55 ",,,,,,,,,,,,,,,,,,,,,,,,,,,,,,
TELECOM,AWN,F051," 8,723 "," 513,348.55 ",,,,,,,,,,,,,,,,,,,,,,,,,,,,,,
TELECOM,AWN,F052," 10,289 "," 605,507.65 ",,,,,,,,,,,,,,,,,,,,,,,,,,,,,,
TELECOM,AWN,F053," 3,822 "," 224,924.70 ",,,,,,,,,,,,,,,,,,,,,,,,,,,,,,
TELECOM,AWN,F054," 5,919 "," 348,333.15 ",,,,,,,,,,,,,,,,,,,,,,,,,,,,,,
TELECOM,AWN,F055," 1,825 "," 107,401.25 ",,,,,,,,,,,,,,,,,,,,,,,,,,,,,,
TELECOM,AWN,F061," 28,870 "," 1,700,139.05 ",,,,,,,,,,,,,,,,,,,,,,,,,,,,,,
TELECOM,AWN,F062," 7,570 "," 445,494.50 ",,,,,,,,,,,,,,,,,,,,,,,,,,,,,,
TELECOM,AWN,F071," 11,723 "," 689,898.55 ",,,,,,,,,,,,,,,,,,,,,,,,,,,,,,
TELECOM,AWN,F072," 10,205 "," 600,564.25 ",,,,,,,,,,,,,,,,,,,,,,,,,,,,,,
TELECOM,AWN,F073," 10,586 "," 622,986.10 ",,,,,,,,,,,,,,,,,,,,,,,,,,,,,,
TELECOM,AWN,F081," 8,755 "," 517,013.30 ",,,,,,,,,,,,,,,,,,,,,,,,,,,,,,
TELECOM,AWN,F082," 6,102 "," 359,102.70 ",,,,,,,,,,,,,,,,,,,,,,,,,,,,,,
TELECOM,AWN,F083," 5,603 "," 329,736.55 ",,,,,,,,,,,,,,,,,,,,,,,,,,,,,,
TELECOM,AWN,F091," 7,695 "," 452,850.75 ",,,,,,,,,,,,,,,,,,,,,,,,,,,,,,
TELECOM,AWN,F093," 6,307 "," 371,166.95 ",,,,,,,,,,,,,,,,,,,,,,,,,,,,,,
TELECOM,AWN,F095," 4,432 "," 260,823.20 ",,,,,,,,,,,,,,,,,,,,,,,,,,,,,,
TELECOM,AWN,F096," 3,323 "," 195,558.55 ",,,,,,,,,,,,,,,,,,,,,,,,,,,,,,
TELECOM,AWN,F101," 8,599 "," 506,051.15 ",,,,,,,,,,,,,,,,,,,,,,,,,,,,,,
TELECOM,AWN,F102," 6,834 "," 402,180.90 ",,,,,,,,,,,,,,,,,,,,,,,,,,,,,,
TELECOM,AWN,F111," 8,978 "," 528,355.30 ",,,,,,,,,,,,,,,,,,,,,,,,,,,,,,
TELECOM,AWN,F112," 4,386 "," 258,116.10 ",,,,,,,,,,,,,,,,,,,,,,,,,,,,,,
TELECOM,AWN,F121," 9,825 "," 578,201.25 ",,,,,,,,,,,,,,,,,,,,,,,,,,,,,,
TELECOM,AWN,F122," 6,427 "," 378,228.95 ",,,,,,,,,,,,,,,,,,,,,,,,,,,,,,
TELECOM,AWN,F131," 6,571 "," 400,377.95 ",,,,,,,,,,,,,,,,,,,,,,,,,,,,,,
TELECOM,AWN,F132," 7,489 "," 440,727.65 ",,,,,,,,,,,,,,,,,,,,,,,,,,,,,,
TELECOM,AWN,F141," 13,139 "," 778,430.35 ",,,,,,,,,,,,,,,,,,,,,,,,,,,,,,
TELECOM,AWN,F151," 7,695 "," 452,850.75 ",,,,,,,,,,,,,,,,,,,,,,,,,,,,,,
TELECOM,AWN,F152," 6,045 "," 355,748.25 ",,,,,,,,,,,,,,,,,,,,,,,,,,,,,,
TELECOM,AWN,F014," 4,546 "," 267,532.10 ",,,,,,,,,,,,,,,,,,,,,,,,,,,,,,
TELECOM,CAT,F011," 12,668 "," 768,046.00 ",,,,,,,,,,,,,,,,,,,,,,,,,,,,,,
TELECOM,CAT,F012," 12,294 "," 786,048.75 ",,,,,,,,,,,,,,,,,,,,,,,,,,,,,,
TELECOM,CAT,F017," 4,014 "," 239,449.95 ",,,,,,,,,,,,,,,,,,,,,,,,,,,,,,
TELECOM,CAT,F021," 17,478 "," 1,028,580.30 ",,,,,,,,,,,,,,,,,,,,,,,,,,,,,,
TELECOM,CAT,F022," 15,112 "," 889,341.20 ",,,,,,,,,,,,,,,,,,,,,,,,,,,,,,
TELECOM,CAT,F023," 13,266 "," 780,704.10 ",,,,,,,,,,,,,,,,,,,,,,,,,,,,,,
TELECOM,CAT,F024," 8,191 "," 482,040.35 ",,,,,,,,,,,,,,,,,,,,,,,,,,,,,,
TELECOM,CAT,F025," 12,141 "," 714,497.85 ",,,,,,,,,,,,,,,,,,,,,,,,,,,,,,
TELECOM,CAT,F031," 17,693 "," 1,041,233.05 ",,,,,,,,,,,,,,,,,,,,,,,,,,,,,,
TELECOM,CAT,F032," 5,933 "," 349,157.05 ",,,,,,,,,,,,,,,,,,,,,,,,,,,,,,
TELECOM,CAT,F033," 4,969 "," 292,425.65 ",,,,,,,,,,,,,,,,,,,,,,,,,,,,,,
TELECOM,CAT,F034," 7,241 "," 426,132.85 ",,,,,,,,,,,,,,,,,,,,,,,,,,,,,,
TELECOM,CAT,F035," 8,545 "," 504,606.65 ",,,,,,,,,,,,,,,,,,,,,,,,,,,,,,
TELECOM,CAT,F036," 3,925 "," 230,986.25 ",,,,,,,,,,,,,,,,,,,,,,,,,,,,,,
TELECOM,CAT,F041," 20,464 "," 1,220,195.90 ",,,,,,,,,,,,,,,,,,,,,,,,,,,,,,
TELECOM,CAT,F043," 10,464 "," 615,806.40 ",,,,,,,,,,,,,,,,,,,,,,,,,,,,,,
TELECOM,CAT,F044," 12,524 "," 737,037.40 ",,,,,,,,,,,,,,,,,,,,,,,,,,,,,,
TELECOM,CAT,F046," 5,470 "," 321,909.50 ",,,,,,,,,,,,,,,,,,,,,,,,,,,,,,
TELECOM,CAT,F051," 16,183 "," 1,022,566.90 ",,,,,,,,,,,,,,,,,,,,,,,,,,,,,,
TELECOM,CAT,F052," 10,656 "," 627,105.60 ",,,,,,,,,,,,,,,,,,,,,,,,,,,,,,
TELECOM,CAT,F053," 7,410 "," 464,246.25 ",,,,,,,,,,,,,,,,,,,,,,,,,,,,,,
TELECOM,CAT,F054," 6,458 "," 380,053.30 ",,,,,,,,,,,,,,,,,,,,,,,,,,,,,,
TELECOM,CAT,F055," 4,509 "," 265,354.65 ",,,,,,,,,,,,,,,,,,,,,,,,,,,,,,
TELECOM,CAT,F061," 25,955 "," 1,606,995.55 ",,,,,,,,,,,,,,,,,,,,,,,,,,,,,,
TELECOM,CAT,F062," 6,311 "," 376,313.65 ",,,,,,,,,,,,,,,,,,,,,,,,,,,,,,
TELECOM,CAT,F071," 5,803 "," 345,840.05 ",,,,,,,,,,,,,,,,,,,,,,,,,,,,,,
TELECOM,CAT,F072," 9,559 "," 563,654.60 ",,,,,,,,,,,,,,,,,,,,,,,,,,,,,,
TELECOM,CAT,F073," 8,554 "," 505,088.15 ",,,,,,,,,,,,,,,,,,,,,,,,,,,,,,
TELECOM,CAT,F081," 6,372 "," 432,916.65 ",,,,,,,,,,,,,,,,,,,,,,,,,,,,,,
TELECOM,CAT,F082," 6,923 "," 407,418.55 ",,,,,,,,,,,,,,,,,,,,,,,,,,,,,,
TELECOM,CAT,F083," 8,558 "," 503,638.30 ",,,,,,,,,,,,,,,,,,,,,,,,,,,,,,
TELECOM,CAT,F091," 5,731 "," 356,673.80 ",,,,,,,,,,,,,,,,,,,,,,,,,,,,,,
TELECOM,CAT,F093," 13,197 "," 818,630.25 ",,,,,,,,,,,,,,,,,,,,,,,,,,,,,,
TELECOM,CAT,F095," 3,515 "," 210,190.80 ",,,,,,,,,,,,,,,,,,,,,,,,,,,,,,
TELECOM,CAT,F096," 3,422 "," 223,774.45 ",,,,,,,,,,,,,,,,,,,,,,,,,,,,,,
TELECOM,CAT,F101," 8,306 "," 498,630.70 ",,,,,,,,,,,,,,,,,,,,,,,,,,,,,,
TELECOM,CAT,F102," 8,997 "," 529,473.45 ",,,,,,,,,,,,,,,,,,,,,,,,,,,,,,
TELECOM,CAT,F111," 15,480 "," 910,998.00 ",,,,,,,,,,,,,,,,,,,,,,,,,,,,,,
TELECOM,CAT,F112," 10,834 "," 637,580.90 ",,,,,,,,,,,,,,,,,,,,,,,,,,,,,,
TELECOM,CAT,F121," 11,856 "," 697,725.60 ",,,,,,,,,,,,,,,,,,,,,,,,,,,,,,
TELECOM,CAT,F122," 12,577 "," 740,156.45 ",,,,,,,,,,,,,,,,,,,,,,,,,,,,,,
TELECOM,CAT,F131," 4,626 "," 272,240.10 ",,,,,,,,,,,,,,,,,,,,,,,,,,,,,,
TELECOM,CAT,F132," 9,030 "," 533,437.80 ",,,,,,,,,,,,,,,,,,,,,,,,,,,,,,
TELECOM,CAT,F141," 11,356 "," 668,300.60 ",,,,,,,,,,,,,,,,,,,,,,,,,,,,,,
TELECOM,CAT,F151," 9,552 "," 564,414.30 ",,,,,,,,,,,,,,,,,,,,,,,,,,,,,,
TELECOM,CAT,F152," 5,884 "," 351,971.15 ",,,,,,,,,,,,,,,,,,,,,,,,,,,,,,
TELECOM,CAT,F014," 4,190 "," 246,581.50 ",,,,,,,,,,,,,,,,,,,,,,,,,,,,,,
TELECOM,DTN,F011, 424 ," 28,750.90 ",,,,,,,,,,,,,,,,,,,,,,,,,,,,,,
TELECOM,DTN,F012," 1,437 "," 84,567.45 ",,,,,,,,,,,,,,,,,,,,,,,,,,,,,,
TELECOM,DTN,F021," 4,005 "," 238,353.20 ",,,,,,,,,,,,,,,,,,,,,,,,,,,,,,
TELECOM,DTN,F024, 121 ," 7,120.85 ",,,,,,,,,,,,,,,,,,,,,,,,,,,,,,
TELECOM,DTN,F025, 818 ," 48,139.30 ",,,,,,,,,,,,,,,,,,,,,,,,,,,,,,
TELECOM,DTN,F031, 70 ," 4,119.50 ",,,,,,,,,,,,,,,,,,,,,,,,,,,,,,
TELECOM,DTN,F034, 106 ," 6,238.10 ",,,,,,,,,,,,,,,,,,,,,,,,,,,,,,
TELECOM,DTN,F036, 47 ," 2,765.95 ",,,,,,,,,,,,,,,,,,,,,,,,,,,,,,
TELECOM,DTN,F041, 417 ," 24,540.45 ",,,,,,,,,,,,,,,,,,,,,,,,,,,,,,
TELECOM,DTN,F044," 1,815 "," 106,812.75 ",,,,,,,,,,,,,,,,,,,,,,,,,,,,,,
TELECOM,DTN,F046, 316 ," 18,596.60 ",,,,,,,,,,,,,,,,,,,,,,,,,,,,,,
TELECOM,DTN,F051, 197 ," 11,593.45 ",,,,,,,,,,,,,,,,,,,,,,,,,,,,,,
TELECOM,DTN,F061, 743 ," 43,725.55 ",,,,,,,,,,,,,,,,,,,,,,,,,,,,,,
TELECOM,DTN,F072, 233 ," 13,712.05 ",,,,,,,,,,,,,,,,,,,,,,,,,,,,,,
TELECOM,DTN,F073," 1,071 "," 63,028.35 ",,,,,,,,,,,,,,,,,,,,,,,,,,,,,,
TELECOM,DTN,F081," 1,203 "," 70,796.55 ",,,,,,,,,,,,,,,,,,,,,,,,,,,,,,
TELECOM,DTN,F083, 210 ," 12,358.50 ",,,,,,,,,,,,,,,,,,,,,,,,,,,,,,
TELECOM,DTN,F091, 88 ," 5,178.80 ",,,,,,,,,,,,,,,,,,,,,,,,,,,,,,
TELECOM,DTN,F093, 603 ," 35,486.55 ",,,,,,,,,,,,,,,,,,,,,,,,,,,,,,
TELECOM,DTN,F096, 391 ," 23,010.35 ",,,,,,,,,,,,,,,,,,,,,,,,,,,,,,
TELECOM,DTN,F112, 214 ," 12,593.90 ",,,,,,,,,,,,,,,,,,,,,,,,,,,,,,
TELECOM,DTN,F121, 196 ," 11,534.60 ",,,,,,,,,,,,,,,,,,,,,,,,,,,,,,
TELECOM,DTN,F122," 1,440 "," 84,744.00 ",,,,,,,,,,,,,,,,,,,,,,,,,,,,,,
TELECOM,DTN,F141, 41 ," 17,986.70 ",,,,,,,,,,,,,,,,,,,,,,,,,,,,,,
TELECOM,DTN,F151, 61 ," 3,589.85 ",,,,,,,,,,,,,,,,,,,,,,,,,,,,,,
TELECOM,DTN,F152, 328 ," 19,302.80 ",,,,,,,,,,,,,,,,,,,,,,,,,,,,,,
TELECOM,DTN,F014, 264 ," 15,536.40 ",,,,,,,,,,,,,,,,,,,,,,,,,,,,,,
TELECOM,ITEL,F011," 5,398 "," 317,672.30 ",,,,,,,,,,,,,,,,,,,,,,,,,,,,,,
TELECOM,ITEL,F012," 1,437 "," 84,567.45 ",,,,,,,,,,,,,,,,,,,,,,,,,,,,,,
TELECOM,ITEL,F017, 896 ," 52,729.60 ",,,,,,,,,,,,,,,,,,,,,,,,,,,,,,
TELECOM,ITEL,F021," 3,814 "," 224,453.90 ",,,,,,,,,,,,,,,,,,,,,,,,,,,,,,
TELECOM,ITEL,F022," 1,691 "," 99,515.35 ",,,,,,,,,,,,,,,,,,,,,,,,,,,,,,
TELECOM,ITEL,F023," 1,314 "," 77,328.90 ",,,,,,,,,,,,,,,,,,,,,,,,,,,,,,
TELECOM,ITEL,F025, 818 ," 48,139.30 ",,,,,,,,,,,,,,,,,,,,,,,,,,,,,,
TELECOM,ITEL,F031," 2,565 "," 150,950.25 ",,,,,,,,,,,,,,,,,,,,,,,,,,,,,,
TELECOM,ITEL,F034, 658 ," 38,723.30 ",,,,,,,,,,,,,,,,,,,,,,,,,,,,,,
TELECOM,ITEL,F035, 312 ," 18,361.20 ",,,,,,,,,,,,,,,,,,,,,,,,,,,,,,
TELECOM,ITEL,F041, 745 ," 43,843.25 ",,,,,,,,,,,,,,,,,,,,,,,,,,,,,,
TELECOM,ITEL,F043, 551 ," 32,426.35 ",,,,,,,,,,,,,,,,,,,,,,,,,,,,,,
TELECOM,ITEL,F044," 1,774 "," 104,779.75 ",,,,,,,,,,,,,,,,,,,,,,,,,,,,,,
TELECOM,ITEL,F046, 405 ," 23,834.25 ",,,,,,,,,,,,,,,,,,,,,,,,,,,,,,
TELECOM,ITEL,F061," 2,660 "," 156,541.00 ",,,,,,,,,,,,,,,,,,,,,,,,,,,,,,
TELECOM,ITEL,F071," 2,470 "," 145,359.50 ",,,,,,,,,,,,,,,,,,,,,,,,,,,,,,
TELECOM,ITEL,F072," 2,058 "," 121,113.30 ",,,,,,,,,,,,,,,,,,,,,,,,,,,,,,
TELECOM,ITEL,F073," 1,350 "," 79,827.35 ",,,,,,,,,,,,,,,,,,,,,,,,,,,,,,
TELECOM,ITEL,F081," 1,050 "," 61,792.50 ",,,,,,,,,,,,,,,,,,,,,,,,,,,,,,
TELECOM,ITEL,F083, 40 ," 2,354.00 ",,,,,,,,,,,,,,,,,,,,,,,,,,,,,,
TELECOM,ITEL,F091, 888 ," 52,258.80 ",,,,,,,,,,,,,,,,,,,,,,,,,,,,,,
TELECOM,ITEL,F101, 912 ," 53,671.20 ",,,,,,,,,,,,,,,,,,,,,,,,,,,,,,
TELECOM,ITEL,F111," 1,506 "," 88,628.10 ",,,,,,,,,,,,,,,,,,,,,,,,,,,,,,
TELECOM,ITEL,F131," 1,246 "," 73,327.10 ",,,,,,,,,,,,,,,,,,,,,,,,,,,,,,
TELECOM,ITEL,F132, 653 ," 38,429.05 ",,,,,,,,,,,,,,,,,,,,,,,,,,,,,,
TELECOM,ITEL,F141," 1,866 "," 109,814.10 ",,,,,,,,,,,,,,,,,,,,,,,,,,,,,,
TELECOM,ITEL,F151, 748 ," 44,399.65 ",,,,,,,,,,,,,,,,,,,,,,,,,,,,,,
TELECOM,ITEL,F014, 305 ," 17,949.25 ",,,,,,,,,,,,,,,,,,,,,,,,,,,,,,
TELECOM,SIMAT,F011," 6,064 "," 357,626.10 ",,,,,,,,,,,,,,,,,,,,,,,,,,,,,,
TELECOM,SIMAT,F131," 2,466 "," 145,124.10 ",,,,,,,,,,,,,,,,,,,,,,,,,,,,,,
TELECOM,SIMAT,F141," 1,505 "," 88,569.25 ",,,,,,,,,,,,,,,,,,,,,,,,,,,,,,
TELECOM,SIMAT,F014, 378 ," 22,625.15 ",,,,,,,,,,,,,,,,,,,,,,,,,,,,,,
TELECOM,SYM,F011," 3,367 "," 198,147.95 ",,,,,,,,,,,,,,,,,,,,,,,,,,,,,,
TELECOM,SYM,F012, 478 ," 28,130.30 ",,,,,,,,,,,,,,,,,,,,,,,,,,,,,,
TELECOM,SYM,F061," 2,432 "," 143,123.20 ",,,,,,,,,,,,,,,,,,,,,,,,,,,,,,
TELECOM,SYM,F071, 801 ," 47,138.85 ",,,,,,,,,,,,,,,,,,,,,,,,,,,,,,
TELECOM,SYM,F072," 1,008 "," 59,320.80 ",,,,,,,,,,,,,,,,,,,,,,,,,,,,,,
TELECOM,SYM,F081, 460 ," 27,071.00 ",,,,,,,,,,,,,,,,,,,,,,,,,,,,,,
TELECOM,SYM,F082, 102 ," 6,002.70 ",,,,,,,,,,,,,,,,,,,,,,,,,,,,,,
TELECOM,SYM,F083, 313 ," 18,420.05 ",,,,,,,,,,,,,,,,,,,,,,,,,,,,,,
TELECOM,SYM,F091, 46 ," 2,707.10 ",,,,,,,,,,,,,,,,,,,,,,,,,,,,,,
TELECOM,SYM,F101, 316 ," 18,596.60 ",,,,,,,,,,,,,,,,,,,,,,,,,,,,,,
TELECOM,SYM,F111, 728 ," 42,842.80 ",,,,,,,,,,,,,,,,,,,,,,,,,,,,,,
TELECOM,SYM,F131, 327 ," 19,243.95 ",,,,,,,,,,,,,,,,,,,,,,,,,,,,,,
TELECOM,SYM,F141," 1,332 "," 78,388.20 ",,,,,,,,,,,,,,,,,,,,,,,,,,,,,,
TELECOM,SYM,F151, 501 ," 29,483.85 ",,,,,,,,,,,,,,,,,,,,,,,,,,,,,,
TELECOM,SYM,F014, 571 ," 33,603.35 ",,,,,,,,,,,,,,,,,,,,,,,,,,,,,,
TELECOM,TCC,F011," 42,354 "," 3,558,654.15 ",,,,,,,,,,,,,,,,,,,,,,,,,,,,,,
TELECOM,TCC,F012," 6,771 "," 398,473.35 ",,,,,,,,,,,,,,,,,,,,,,,,,,,,,,
TELECOM,TCC,F017," 3,339 "," 196,500.15 ",,,,,,,,,,,,,,,,,,,,,,,,,,,,,,
TELECOM,TCC,F021," 12,962 "," 2,167,268.95 ",,,,,,,,,,,,,,,,,,,,,,,,,,,,,,
TELECOM,TCC,F022," 5,714 "," 336,268.90 ",,,,,,,,,,,,,,,,,,,,,,,,,,,,,,
TELECOM,TCC,F023," 1,341 "," 78,917.85 ",,,,,,,,,,,,,,,,,,,,,,,,,,,,,,
TELECOM,TCC,F024," 1,597 "," 93,983.45 ",,,,,,,,,,,,,,,,,,,,,,,,,,,,,,
TELECOM,TCC,F025," 2,140 "," 125,939.00 ",,,,,,,,,,,,,,,,,,,,,,,,,,,,,,
TELECOM,TCC,F031," 6,279 "," 371,798.25 ",,,,,,,,,,,,,,,,,,,,,,,,,,,,,,
TELECOM,TCC,F032," 2,059 "," 121,172.15 ",,,,,,,,,,,,,,,,,,,,,,,,,,,,,,
TELECOM,TCC,F033," 1,592 "," 93,689.20 ",,,,,,,,,,,,,,,,,,,,,,,,,,,,,,
TELECOM,TCC,F034," 3,928 "," 231,162.80 ",,,,,,,,,,,,,,,,,,,,,,,,,,,,,,
TELECOM,TCC,F035," 2,070 "," 121,819.50 ",,,,,,,,,,,,,,,,,,,,,,,,,,,,,,
TELECOM,TCC,F036," 4,420 "," 260,117.00 ",,,,,,,,,,,,,,,,,,,,,,,,,,,,,,
TELECOM,TCC,F041," 10,015 "," 605,716.30 ",,,,,,,,,,,,,,,,,,,,,,,,,,,,,,
TELECOM,TCC,F043," 6,727 "," 395,883.95 ",,,,,,,,,,,,,,,,,,,,,,,,,,,,,,
TELECOM,TCC,F044," 7,715 "," 454,027.75 ",,,,,,,,,,,,,,,,,,,,,,,,,,,,,,
TELECOM,TCC,F046, 119 ," 7,003.15 ",,,,,,,,,,,,,,,,,,,,,,,,,,,,,,
TELECOM,TCC,F051," 4,690 "," 276,006.50 ",,,,,,,,,,,,,,,,,,,,,,,,,,,,,,
TELECOM,TCC,F052," 2,902 "," 170,782.70 ",,,,,,,,,,,,,,,,,,,,,,,,,,,,,,
TELECOM,TCC,F053," 10,728 "," 631,342.80 ",,,,,,,,,,,,,,,,,,,,,,,,,,,,,,
TELECOM,TCC,F054," 5,789 "," 340,682.65 ",,,,,,,,,,,,,,,,,,,,,,,,,,,,,,
TELECOM,TCC,F055," 1,275 "," 75,033.75 ",,,,,,,,,,,,,,,,,,,,,,,,,,,,,,
TELECOM,TCC,F061," 23,393 "," 1,405,926.50 ",,,,,,,,,,,,,,,,,,,,,,,,,,,,,,
TELECOM,TCC,F062," 2,843 "," 169,209.80 ",,,,,,,,,,,,,,,,,,,,,,,,,,,,,,
TELECOM,TCC,F071," 7,431 "," 437,314.35 ",,,,,,,,,,,,,,,,,,,,,,,,,,,,,,
TELECOM,TCC,F072," 7,386 "," 434,666.10 ",,,,,,,,,,,,,,,,,,,,,,,,,,,,,,
TELECOM,TCC,F073," 5,568 "," 327,676.80 ",,,,,,,,,,,,,,,,,,,,,,,,,,,,,,
TELECOM,TCC,F081," 8,741 "," 517,633.90 ",,,,,,,,,,,,,,,,,,,,,,,,,,,,,,
TELECOM,TCC,F082," 3,561 "," 209,564.85 ",,,,,,,,,,,,,,,,,,,,,,,,,,,,,,
TELECOM,TCC,F083," 1,746 "," 102,752.10 ",,,,,,,,,,,,,,,,,,,,,,,,,,,,,,
TELECOM,TCC,F091," 2,382 "," 140,560.55 ",,,,,,,,,,,,,,,,,,,,,,,,,,,,,,
TELECOM,TCC,F093," 4,890 "," 289,295.90 ",,,,,,,,,,,,,,,,,,,,,,,,,,,,,,
TELECOM,TCC,F095," 2,851 "," 167,781.35 ",,,,,,,,,,,,,,,,,,,,,,,,,,,,,,
TELECOM,TCC,F096," 3,727 "," 219,333.95 ",,,,,,,,,,,,,,,,,,,,,,,,,,,,,,
TELECOM,TCC,F101," 4,257 "," 251,284.15 ",,,,,,,,,,,,,,,,,,,,,,,,,,,,,,
TELECOM,TCC,F102," 2,673 "," 157,306.05 ",,,,,,,,,,,,,,,,,,,,,,,,,,,,,,
TELECOM,TCC,F111," 3,347 "," 196,970.95 ",,,,,,,,,,,,,,,,,,,,,,,,,,,,,,
TELECOM,TCC,F112," 3,983 "," 234,399.55 ",,,,,,,,,,,,,,,,,,,,,,,,,,,,,,
TELECOM,TCC,F121," 8,382 "," 493,280.70 ",,,,,,,,,,,,,,,,,,,,,,,,,,,,,,
TELECOM,TCC,F131," 5,089 "," 387,233.00 ",,,,,,,,,,,,,,,,,,,,,,,,,,,,,,
TELECOM,TCC,F132," 2,931 "," 172,489.35 ",,,,,,,,,,,,,,,,,,,,,,,,,,,,,,
TELECOM,TCC,F141," 15,871 "," 1,110,258.75 ",,,,,,,,,,,,,,,,,,,,,,,,,,,,,,
TELECOM,TCC,F151," 5,482 "," 324,135.10 ",,,,,,,,,,,,,,,,,,,,,,,,,,,,,,
TELECOM,TCC,F152, 905 ," 53,259.25 ",,,,,,,,,,,,,,,,,,,,,,,,,,,,,,
TELECOM,TCC,F014," 2,470 "," 167,390.80 ",,,,,,,,,,,,,,,,,,,,,,,,,,,,,,
TELECOM,TOT,F011," 21,137 "," 1,701,867.10 ",,,,,,,,,,,,,,,,,,,,,,,,,,,,,,
TELECOM,TOT,F012," 8,777 "," 596,744.35 ",,,,,,,,,,,,,,,,,,,,,,,,,,,,,,
TELECOM,TOT,F017," 7,914 "," 551,927.40 ",,,,,,,,,,,,,,,,,,,,,,,,,,,,,,
TELECOM,TOT,F021," 27,647 "," 2,018,801.10 ",,,,,,,,,,,,,,,,,,,,,,,,,,,,,,
TELECOM,TOT,F022," 22,122 "," 1,427,262.30 ",,,,,,,,,,,,,,,,,,,,,,,,,,,,,,
TELECOM,TOT,F023," 23,983 "," 1,606,647.80 ",,,,,,,,,,,,,,,,,,,,,,,,,,,,,,
TELECOM,TOT,F024," 4,184 "," 259,228.90 ",,,,,,,,,,,,,,,,,,,,,,,,,,,,,,
TELECOM,TOT,F025," 14,829 "," 977,461.05 ",,,,,,,,,,,,,,,,,,,,,,,,,,,,,,
TELECOM,TOT,F031," 28,885 "," 1,792,233.95 ",,,,,,,,,,,,,,,,,,,,,,,,,,,,,,
TELECOM,TOT,F032," 4,599 "," 354,817.35 ",,,,,,,,,,,,,,,,,,,,,,,,,,,,,,
TELECOM,TOT,F033," 8,530 "," 532,517.60 ",,,,,,,,,,,,,,,,,,,,,,,,,,,,,,
TELECOM,TOT,F034," 6,398 "," 385,478.20 ",,,,,,,,,,,,,,,,,,,,,,,,,,,,,,
TELECOM,TOT,F035," 14,438 "," 928,642.30 ",,,,,,,,,,,,,,,,,,,,,,,,,,,,,,
TELECOM,TOT,F036," 9,762 "," 704,835.75 ",,,,,,,,,,,,,,,,,,,,,,,,,,,,,,
TELECOM,TOT,F041," 32,584 "," 2,269,978.25 ",,,,,,,,,,,,,,,,,,,,,,,,,,,,,,
TELECOM,TOT,F043," 10,040 "," 643,915.30 ",,,,,,,,,,,,,,,,,,,,,,,,,,,,,,
TELECOM,TOT,F044," 12,653 "," 744,629.05 ",,,,,,,,,,,,,,,,,,,,,,,,,,,,,,
TELECOM,TOT,F046," 3,846 "," 280,939.20 ",,,,,,,,,,,,,,,,,,,,,,,,,,,,,,
TELECOM,TOT,F051," 20,907 "," 1,565,115.75 ",,,,,,,,,,,,,,,,,,,,,,,,,,,,,,
TELECOM,TOT,F052," 17,215 "," 1,118,310.50 ",,,,,,,,,,,,,,,,,,,,,,,,,,,,,,
TELECOM,TOT,F053," 7,443 "," 530,661.15 ",,,,,,,,,,,,,,,,,,,,,,,,,,,,,,
TELECOM,TOT,F054," 8,328 "," 585,776.85 ",,,,,,,,,,,,,,,,,,,,,,,,,,,,,,
TELECOM,TOT,F055," 5,833 "," 380,973.50 ",,,,,,,,,,,,,,,,,,,,,,,,,,,,,,
TELECOM,TOT,F061," 20,981 "," 1,564,029.70 ",,,,,,,,,,,,,,,,,,,,,,,,,,,,,,
TELECOM,TOT,F062," 5,206 "," 364,393.85 ",,,,,,,,,,,,,,,,,,,,,,,,,,,,,,
TELECOM,TOT,F071," 12,587 "," 864,490.45 ",,,,,,,,,,,,,,,,,,,,,,,,,,,,,,
TELECOM,TOT,F072," 8,094 "," 570,079.95 ",,,,,,,,,,,,,,,,,,,,,,,,,,,,,,
TELECOM,TOT,F073," 12,672 "," 844,695.45 ",,,,,,,,,,,,,,,,,,,,,,,,,,,,,,
TELECOM,TOT,F081," 11,449 "," 813,360.50 ",,,,,,,,,,,,,,,,,,,,,,,,,,,,,,
TELECOM,TOT,F082," 4,719 "," 340,308.15 ",,,,,,,,,,,,,,,,,,,,,,,,,,,,,,
TELECOM,TOT,F083," 8,832 "," 565,698.30 ",,,,,,,,,,,,,,,,,,,,,,,,,,,,,,
TELECOM,TOT,F091," 8,051 "," 593,791.15 ",,,,,,,,,,,,,,,,,,,,,,,,,,,,,,
TELECOM,TOT,F093," 9,820 "," 716,193.80 ",,,,,,,,,,,,,,,,,,,,,,,,,,,,,,
TELECOM,TOT,F095," 3,955 "," 238,481.60 ",,,,,,,,,,,,,,,,,,,,,,,,,,,,,,
TELECOM,TOT,F096," 6,287 "," 460,030.45 ",,,,,,,,,,,,,,,,,,,,,,,,,,,,,,
TELECOM,TOT,F101," 13,776 "," 1,000,765.65 ",,,,,,,,,,,,,,,,,,,,,,,,,,,,,,
TELECOM,TOT,F102," 8,031 "," 522,459.60 ",,,,,,,,,,,,,,,,,,,,,,,,,,,,,,
TELECOM,TOT,F111," 18,264 "," 1,376,448.00 ",,,,,,,,,,,,,,,,,,,,,,,,,,,,,,
TELECOM,TOT,F112," 9,256 "," 595,754.60 ",,,,,,,,,,,,,,,,,,,,,,,,,,,,,,
TELECOM,TOT,F121," 14,292 "," 917,979.75 ",,,,,,,,,,,,,,,,,,,,,,,,,,,,,,
TELECOM,TOT,F122," 7,467 "," 447,040.65 ",,,,,,,,,,,,,,,,,,,,,,,,,,,,,,
TELECOM,TOT,F131," 14,396 "," 1,151,464.45 ",,,,,,,,,,,,,,,,,,,,,,,,,,,,,,
TELECOM,TOT,F132," 9,539 "," 690,989.95 ",,,,,,,,,,,,,,,,,,,,,,,,,,,,,,
TELECOM,TOT,F141," 19,514 "," 1,544,336.35 ",,,,,,,,,,,,,,,,,,,,,,,,,,,,,,
TELECOM,TOT,F151," 10,583 "," 723,876.40 ",,,,,,,,,,,,,,,,,,,,,,,,,,,,,,
TELECOM,TOT,F152," 3,594 "," 211,506.90 ",,,,,,,,,,,,,,,,,,,,,,,,,,,,,,
TELECOM,TOT,F014," 9,055 "," 729,098.00 ",,,,,,,,,,,,,,,,,,,,,,,,,,,,,,
TELECOM,TOT(AIS),F011, 705 ," 41,489.25 ",,,,,,,,,,,,,,,,,,,,,,,,,,,,,,
TELECOM,TOT(AIS),F012," 1,085 "," 63,852.25 ",,,,,,,,,,,,,,,,,,,,,,,,,,,,,,
TELECOM,TOT(AIS),F017, 845 ," 49,728.25 ",,,,,,,,,,,,,,,,,,,,,,,,,,,,,,
TELECOM,TOT(AIS),F021," 1,064 "," 62,616.40 ",,,,,,,,,,,,,,,,,,,,,,,,,,,,,,
TELECOM,TOT(AIS),F022," 3,659 "," 215,332.15 ",,,,,,,,,,,,,,,,,,,,,,,,,,,,,,
TELECOM,TOT(AIS),F023," 1,017 "," 59,850.45 ",,,,,,,,,,,,,,,,,,,,,,,,,,,,,,
TELECOM,TOT(AIS),F024," 2,651 "," 156,011.35 ",,,,,,,,,,,,,,,,,,,,,,,,,,,,,,
TELECOM,TOT(AIS),F025," 2,433 "," 143,182.05 ",,,,,,,,,,,,,,,,,,,,,,,,,,,,,,
TELECOM,TOT(AIS),F032," 1,730 "," 101,810.50 ",,,,,,,,,,,,,,,,,,,,,,,,,,,,,,
TELECOM,TOT(AIS),F034," 1,812 "," 106,636.20 ",,,,,,,,,,,,,,,,,,,,,,,,,,,,,,
TELECOM,TOT(AIS),F035, 726 ," 42,725.10 ",,,,,,,,,,,,,,,,,,,,,,,,,,,,,,
TELECOM,TOT(AIS),F036, 68 ," 4,001.80 ",,,,,,,,,,,,,,,,,,,,,,,,,,,,,,
TELECOM,TOT(AIS),F043," 3,097 "," 182,258.45 ",,,,,,,,,,,,,,,,,,,,,,,,,,,,,,
TELECOM,TOT(AIS),F044, 534 ," 31,425.90 ",,,,,,,,,,,,,,,,,,,,,,,,,,,,,,
TELECOM,TOT(AIS),F046, 966 ," 56,849.10 ",,,,,,,,,,,,,,,,,,,,,,,,,,,,,,
TELECOM,TOT(AIS),F051," 1,923 "," 113,168.55 ",,,,,,,,,,,,,,,,,,,,,,,,,,,,,,
TELECOM,TOT(AIS),F052," 3,464 "," 203,856.40 ",,,,,,,,,,,,,,,,,,,,,,,,,,,,,,
TELECOM,TOT(AIS),F053," 1,352 "," 79,565.20 ",,,,,,,,,,,,,,,,,,,,,,,,,,,,,,
TELECOM,TOT(AIS),F054," 2,547 "," 149,890.95 ",,,,,,,,,,,,,,,,,,,,,,,,,,,,,,
TELECOM,TOT(AIS),F055," 1,294 "," 76,151.90 ",,,,,,,,,,,,,,,,,,,,,,,,,,,,,,
TELECOM,TOT(AIS),F061," 2,814 "," 165,603.90 ",,,,,,,,,,,,,,,,,,,,,,,,,,,,,,
TELECOM,TOT(AIS),F062," 1,186 "," 69,796.10 ",,,,,,,,,,,,,,,,,,,,,,,,,,,,,,
TELECOM,TOT(AIS),F072," 1,575 "," 92,688.75 ",,,,,,,,,,,,,,,,,,,,,,,,,,,,,,
TELECOM,TOT(AIS),F073," 2,286 "," 134,531.10 ",,,,,,,,,,,,,,,,,,,,,,,,,,,,,,
TELECOM,TOT(AIS),F082, 427 ," 25,128.95 ",,,,,,,,,,,,,,,,,,,,,,,,,,,,,,
TELECOM,TOT(AIS),F083," 1,629 "," 95,866.65 ",,,,,,,,,,,,,,,,,,,,,,,,,,,,,,
TELECOM,TOT(AIS),F091, 308 ," 18,125.80 ",,,,,,,,,,,,,,,,,,,,,,,,,,,,,,
TELECOM,TOT(AIS),F093," 1,041 "," 61,262.85 ",,,,,,,,,,,,,,,,,,,,,,,,,,,,,,
TELECOM,TOT(AIS),F095, 651 ," 38,311.35 ",,,,,,,,,,,,,,,,,,,,,,,,,,,,,,
TELECOM,TOT(AIS),F096, 382 ," 22,480.70 ",,,,,,,,,,,,,,,,,,,,,,,,,,,,,,
TELECOM,TOT(AIS),F102," 1,991 "," 117,170.35 ",,,,,,,,,,,,,,,,,,,,,,,,,,,,,,
TELECOM,TOT(AIS),F111," 1,615 "," 95,042.75 ",,,,,,,,,,,,,,,,,,,,,,,,,,,,,,
TELECOM,TOT(AIS),F112, 340 ," 20,009.00 ",,,,,,,,,,,,,,,,,,,,,,,,,,,,,,
TELECOM,TOT(AIS),F121," 2,822 "," 166,074.70 ",,,,,,,,,,,,,,,,,,,,,,,,,,,,,,
TELECOM,TOT(AIS),F122," 2,374 "," 139,709.90 ",,,,,,,,,,,,,,,,,,,,,,,,,,,,,,
TELECOM,TOT(AIS),F131, 329 ," 19,361.65 ",,,,,,,,,,,,,,,,,,,,,,,,,,,,,,
TELECOM,TOT(AIS),F132," 1,697 "," 99,868.45 ",,,,,,,,,,,,,,,,,,,,,,,,,,,,,,
TELECOM,TOT(AIS),F141, 739 ," 43,490.15 ",,,,,,,,,,,,,,,,,,,,,,,,,,,,,,
TELECOM,TOT(AIS),F151," 2,013 "," 118,465.05 ",,,,,,,,,,,,,,,,,,,,,,,,,,,,,,
TELECOM,TOT(AIS),F152, 857 ," 50,434.45 ",,,,,,,,,,,,,,,,,,,,,,,,,,,,,,
TELECOM,TOT(AIS),F014, 786 ," 46,256.10 ",,,,,,,,,,,,,,,,,,,,,,,,,,,,,,
TELECOM,TTT,F011," 3,799 "," 223,571.15 ",,,,,,,,,,,,,,,,,,,,,,,,,,,,,,
TELECOM,TTT,F012," 4,954 "," 291,542.90 ",,,,,,,,,,,,,,,,,,,,,,,,,,,,,,
TELECOM,TTT,F017," 3,917 "," 230,515.45 ",,,,,,,,,,,,,,,,,,,,,,,,,,,,,,
TELECOM,TTT,F021," 27,597 "," 1,630,198.50 ",,,,,,,,,,,,,,,,,,,,,,,,,,,,,,
TELECOM,TTT,F022, 814 ," 47,903.90 ",,,,,,,,,,,,,,,,,,,,,,,,,,,,,,
TELECOM,TTT,F023," 2,691 "," 158,365.35 ",,,,,,,,,,,,,,,,,,,,,,,,,,,,,,
TELECOM,TTT,F025," 2,915 "," 171,547.75 ",,,,,,,,,,,,,,,,,,,,,,,,,,,,,,
TELECOM,TTT,F031," 2,683 "," 157,894.55 ",,,,,,,,,,,,,,,,,,,,,,,,,,,,,,
TELECOM,TTT,F032," 1,148 "," 67,559.80 ",,,,,,,,,,,,,,,,,,,,,,,,,,,,,,
TELECOM,TTT,F033, 394 ," 23,186.90 ",,,,,,,,,,,,,,,,,,,,,,,,,,,,,,
TELECOM,TTT,F034," 1,770 "," 104,164.50 ",,,,,,,,,,,,,,,,,,,,,,,,,,,,,,
TELECOM,TTT,F035," 1,301 "," 76,563.85 ",,,,,,,,,,,,,,,,,,,,,,,,,,,,,,
TELECOM,TTT,F036," 2,221 "," 130,705.85 ",,,,,,,,,,,,,,,,,,,,,,,,,,,,,,
TELECOM,TTT,F041," 4,589 "," 270,062.65 ",,,,,,,,,,,,,,,,,,,,,,,,,,,,,,
TELECOM,TTT,F043," 1,179 "," 69,384.15 ",,,,,,,,,,,,,,,,,,,,,,,,,,,,,,
TELECOM,TTT,F044," 5,815 "," 342,212.75 ",,,,,,,,,,,,,,,,,,,,,,,,,,,,,,
TELECOM,TTT,F046, 331 ," 19,479.35 ",,,,,,,,,,,,,,,,,,,,,,,,,,,,,,
TELECOM,TTT,F051," 8,369 "," 492,515.65 ",,,,,,,,,,,,,,,,,,,,,,,,,,,,,,
TELECOM,TTT,F052," 6,809 "," 400,709.65 ",,,,,,,,,,,,,,,,,,,,,,,,,,,,,,
TELECOM,TTT,F053," 4,012 "," 236,106.20 ",,,,,,,,,,,,,,,,,,,,,,,,,,,,,,
TELECOM,TTT,F054," 2,608 "," 153,480.80 ",,,,,,,,,,,,,,,,,,,,,,,,,,,,,,
TELECOM,TTT,F055, 482 ," 28,365.70 ",,,,,,,,,,,,,,,,,,,,,,,,,,,,,,
TELECOM,TTT,F061," 12,846 "," 755,987.10 ",,,,,,,,,,,,,,,,,,,,,,,,,,,,,,
TELECOM,TTT,F062," 3,920 "," 230,692.00 ",,,,,,,,,,,,,,,,,,,,,,,,,,,,,,
TELECOM,TTT,F071," 2,863 "," 168,487.55 ",,,,,,,,,,,,,,,,,,,,,,,,,,,,,,
TELECOM,TTT,F072," 3,123 "," 183,788.55 ",,,,,,,,,,,,,,,,,,,,,,,,,,,,,,
TELECOM,TTT,F073," 2,853 "," 167,899.05 ",,,,,,,,,,,,,,,,,,,,,,,,,,,,,,
TELECOM,TTT,F081," 3,557 "," 223,341.10 ",,,,,,,,,,,,,,,,,,,,,,,,,,,,,,
TELECOM,TTT,F082," 1,509 "," 88,804.65 ",,,,,,,,,,,,,,,,,,,,,,,,,,,,,,
TELECOM,TTT,F083," 3,457 "," 203,444.45 ",,,,,,,,,,,,,,,,,,,,,,,,,,,,,,
TELECOM,TTT,F091," 4,960 "," 291,896.00 ",,,,,,,,,,,,,,,,,,,,,,,,,,,,,,
TELECOM,TTT,F093," 19,246 "," 1,132,627.10 ",,,,,,,,,,,,,,,,,,,,,,,,,,,,,,
TELECOM,TTT,F095," 4,549 "," 267,708.65 ",,,,,,,,,,,,,,,,,,,,,,,,,,,,,,
TELECOM,TTT,F096," 4,249 "," 250,053.65 ",,,,,,,,,,,,,,,,,,,,,,,,,,,,,,
TELECOM,TTT,F101," 8,095 "," 476,390.75 ",,,,,,,,,,,,,,,,,,,,,,,,,,,,,,
TELECOM,TTT,F102," 5,348 "," 314,729.80 ",,,,,,,,,,,,,,,,,,,,,,,,,,,,,,
TELECOM,TTT,F111," 1,056 "," 62,145.60 ",,,,,,,,,,,,,,,,,,,,,,,,,,,,,,
TELECOM,TTT,F112, 679 ," 39,959.15 ",,,,,,,,,,,,,,,,,,,,,,,,,,,,,,
TELECOM,TTT,F121," 1,945 "," 114,463.25 ",,,,,,,,,,,,,,,,,,,,,,,,,,,,,,
TELECOM,TTT,F122, 720 ," 42,372.00 ",,,,,,,,,,,,,,,,,,,,,,,,,,,,,,
TELECOM,TTT,F131," 4,726 "," 278,125.10 ",,,,,,,,,,,,,,,,,,,,,,,,,,,,,,
TELECOM,TTT,F132," 2,358 "," 138,768.30 ",,,,,,,,,,,,,,,,,,,,,,,,,,,,,,
TELECOM,TTT,F141," 7,449 "," 438,373.65 ",,,,,,,,,,,,,,,,,,,,,,,,,,,,,,
TELECOM,TTT,F151," 5,210 "," 306,608.50 ",,,,,,,,,,,,,,,,,,,,,,,,,,,,,,
TELECOM,TTT,F152," 1,846 "," 108,637.10 ",,,,,,,,,,,,,,,,,,,,,,,,,,,,,,
TELECOM,TTT,F014," 4,466 "," 262,824.10 ",,,,,,,,,,,,,,,,,,,,,,,,,,,,,,
TELECOM,TTTIN,F011, 208 ," 91,249.60 ",,,,,,,,,,,,,,,,,,,,,,,,,,,,,,
TELECOM,TTTIN,F031, 36 ," 15,793.20 ",,,,,,,,,,,,,,,,,,,,,,,,,,,,,,
TELECOM,TTTIN,F061, 14 ," 6,141.80 ",,,,,,,,,,,,,,,,,,,,,,,,,,,,,,
TELECOM,TTTIN,F072, 12 ," 5,264.40 ",,,,,,,,,,,,,,,,,,,,,,,,,,,,,,
TELECOM,TTTIN,F131, 28 ," 12,283.60 ",,,,,,,,,,,,,,,,,,,,,,,,,,,,,,
TELECOM,TTTIN,F141, 33 ," 14,477.10 ",,,,,,,,,,,,,,,,,,,,,,,,,,,,,,
TELECOM,TUC,F011," 2,446 "," 158,761.25 ",,,,,,,,,,,,,,,,,,,,,,,,,,,,,,
TELECOM,TUC,F012," 4,212 "," 247,876.20 ",,,,,,,,,,,,,,,,,,,,,,,,,,,,,,
TELECOM,TUC,F017," 2,128 "," 125,232.80 ",,,,,,,,,,,,,,,,,,,,,,,,,,,,,,
TELECOM,TUC,F021," 12,105 "," 712,379.25 ",,,,,,,,,,,,,,,,,,,,,,,,,,,,,,
TELECOM,TUC,F022," 4,407 "," 259,351.95 ",,,,,,,,,,,,,,,,,,,,,,,,,,,,,,
TELECOM,TUC,F023," 3,252 "," 191,380.20 ",,,,,,,,,,,,,,,,,,,,,,,,,,,,,,
TELECOM,TUC,F024," 4,372 "," 257,672.05 ",,,,,,,,,,,,,,,,,,,,,,,,,,,,,,
TELECOM,TUC,F025," 6,793 "," 399,768.05 ",,,,,,,,,,,,,,,,,,,,,,,,,,,,,,
TELECOM,TUC,F031," 12,670 "," 915,422.45 ",,,,,,,,,,,,,,,,,,,,,,,,,,,,,,
TELECOM,TUC,F032," 2,567 "," 151,067.95 ",,,,,,,,,,,,,,,,,,,,,,,,,,,,,,
TELECOM,TUC,F033," 2,718 "," 159,954.30 ",,,,,,,,,,,,,,,,,,,,,,,,,,,,,,
TELECOM,TUC,F034," 3,774 "," 224,379.00 ",,,,,,,,,,,,,,,,,,,,,,,,,,,,,,
TELECOM,TUC,F035," 4,495 "," 264,530.75 ",,,,,,,,,,,,,,,,,,,,,,,,,,,,,,
TELECOM,TUC,F036," 1,151 "," 67,736.35 ",,,,,,,,,,,,,,,,,,,,,,,,,,,,,,
TELECOM,TUC,F041," 6,199 "," 366,330.55 ",,,,,,,,,,,,,,,,,,,,,,,,,,,,,,
TELECOM,TUC,F043," 2,925 "," 172,136.25 ",,,,,,,,,,,,,,,,,,,,,,,,,,,,,,
TELECOM,TUC,F044," 3,235 "," 190,759.60 ",,,,,,,,,,,,,,,,,,,,,,,,,,,,,,
TELECOM,TUC,F046," 2,485 "," 146,242.25 ",,,,,,,,,,,,,,,,,,,,,,,,,,,,,,
TELECOM,TUC,F051," 7,505 "," 441,669.25 ",,,,,,,,,,,,,,,,,,,,,,,,,,,,,,
TELECOM,TUC,F052," 5,863 "," 345,037.55 ",,,,,,,,,,,,,,,,,,,,,,,,,,,,,,
TELECOM,TUC,F053, 278 ," 16,360.30 ",,,,,,,,,,,,,,,,,,,,,,,,,,,,,,
TELECOM,TUC,F054," 3,428 "," 201,737.80 ",,,,,,,,,,,,,,,,,,,,,,,,,,,,,,
TELECOM,TUC,F055," 2,422 "," 142,534.70 ",,,,,,,,,,,,,,,,,,,,,,,,,,,,,,
TELECOM,TUC,F061," 13,457 "," 836,766.75 ",,,,,,,,,,,,,,,,,,,,,,,,,,,,,,
TELECOM,TUC,F062," 3,476 "," 208,361.10 ",,,,,,,,,,,,,,,,,,,,,,,,,,,,,,
TELECOM,TUC,F072," 3,095 "," 186,698.95 ",,,,,,,,,,,,,,,,,,,,,,,,,,,,,,
TELECOM,TUC,F073," 6,605 "," 388,704.25 ",,,,,,,,,,,,,,,,,,,,,,,,,,,,,,
TELECOM,TUC,F081," 7,083 "," 416,979.00 ",,,,,,,,,,,,,,,,,,,,,,,,,,,,,,
TELECOM,TUC,F082," 2,789 "," 164,132.65 ",,,,,,,,,,,,,,,,,,,,,,,,,,,,,,
TELECOM,TUC,F083," 2,796 "," 165,684.15 ",,,,,,,,,,,,,,,,,,,,,,,,,,,,,,
TELECOM,TUC,F091," 3,253 "," 191,439.05 ",,,,,,,,,,,,,,,,,,,,,,,,,,,,,,
TELECOM,TUC,F093," 2,322 "," 136,649.70 ",,,,,,,,,,,,,,,,,,,,,,,,,,,,,,
TELECOM,TUC,F095," 2,220 "," 163,715.35 ",,,,,,,,,,,,,,,,,,,,,,,,,,,,,,
TELECOM,TUC,F096, 114 ," 6,708.90 ",,,,,,,,,,,,,,,,,,,,,,,,,,,,,,
TELECOM,TUC,F101," 6,438 "," 378,876.30 ",,,,,,,,,,,,,,,,,,,,,,,,,,,,,,
TELECOM,TUC,F102," 5,973 "," 351,511.05 ",,,,,,,,,,,,,,,,,,,,,,,,,,,,,,
TELECOM,TUC,F111," 6,869 "," 404,240.65 ",,,,,,,,,,,,,,,,,,,,,,,,,,,,,,
TELECOM,TUC,F112," 4,092 "," 240,814.20 ",,,,,,,,,,,,,,,,,,,,,,,,,,,,,,
TELECOM,TUC,F121," 4,271 "," 251,348.35 ",,,,,,,,,,,,,,,,,,,,,,,,,,,,,,
TELECOM,TUC,F122," 9,878 "," 581,320.30 ",,,,,,,,,,,,,,,,,,,,,,,,,,,,,,
TELECOM,TUC,F131," 1,650 "," 97,102.50 ",,,,,,,,,,,,,,,,,,,,,,,,,,,,,,
TELECOM,TUC,F132," 4,384 "," 262,556.60 ",,,,,,,,,,,,,,,,,,,,,,,,,,,,,,
TELECOM,TUC,F141," 3,161 "," 186,024.85 ",,,,,,,,,,,,,,,,,,,,,,,,,,,,,,
TELECOM,TUC,F151," 3,723 "," 219,098.55 ",,,,,,,,,,,,,,,,,,,,,,,,,,,,,,
TELECOM,TUC,F152," 3,271 "," 213,390.10 ",,,,,,,,,,,,,,,,,,,,,,,,,,,,,,
TELECOM,TUC,F014," 1,400 "," 82,390.00 ",,,,,,,,,,,,,,,,,,,,,,,,,,,,,,
TELECOM,UIH,F011," 6,435 "," 378,699.75 ",,,,,,,,,,,,,,,,,,,,,,,,,,,,,,
TELECOM,UIH,F012," 1,639 "," 96,455.15 ",,,,,,,,,,,,,,,,,,,,,,,,,,,,,,
TELECOM,UIH,F017," 1,353 "," 79,624.05 ",,,,,,,,,,,,,,,,,,,,,,,,,,,,,,
TELECOM,UIH,F021," 6,204 "," 365,105.40 ",,,,,,,,,,,,,,,,,,,,,,,,,,,,,,
TELECOM,UIH,F022," 1,045 "," 61,498.25 ",,,,,,,,,,,,,,,,,,,,,,,,,,,,,,
TELECOM,UIH,F023, 497 ," 31,848.55 ",,,,,,,,,,,,,,,,,,,,,,,,,,,,,,
TELECOM,UIH,F024, 447 ," 26,305.95 ",,,,,,,,,,,,,,,,,,,,,,,,,,,,,,
TELECOM,UIH,F025," 2,105 "," 123,879.25 ",,,,,,,,,,,,,,,,,,,,,,,,,,,,,,
TELECOM,UIH,F031," 3,780 "," 222,832.85 ",,,,,,,,,,,,,,,,,,,,,,,,,,,,,,
TELECOM,UIH,F032, 603 ," 35,486.55 ",,,,,,,,,,,,,,,,,,,,,,,,,,,,,,
TELECOM,UIH,F033," 1,453 "," 85,509.05 ",,,,,,,,,,,,,,,,,,,,,,,,,,,,,,
TELECOM,UIH,F034, 432 ," 25,423.20 ",,,,,,,,,,,,,,,,,,,,,,,,,,,,,,
TELECOM,UIH,F035, 959 ," 56,437.15 ",,,,,,,,,,,,,,,,,,,,,,,,,,,,,,
TELECOM,UIH,F036," 1,325 "," 77,976.25 ",,,,,,,,,,,,,,,,,,,,,,,,,,,,,,
TELECOM,UIH,F041," 5,122 "," 304,029.80 ",,,,,,,,,,,,,,,,,,,,,,,,,,,,,,
TELECOM,UIH,F043," 1,590 "," 93,571.50 ",,,,,,,,,,,,,,,,,,,,,,,,,,,,,,
TELECOM,UIH,F044," 2,246 "," 132,177.10 ",,,,,,,,,,,,,,,,,,,,,,,,,,,,,,
TELECOM,UIH,F046, 458 ," 26,953.30 ",,,,,,,,,,,,,,,,,,,,,,,,,,,,,,
TELECOM,UIH,F051," 2,160 "," 127,116.00 ",,,,,,,,,,,,,,,,,,,,,,,,,,,,,,
TELECOM,UIH,F052," 2,054 "," 120,877.90 ",,,,,,,,,,,,,,,,,,,,,,,,,,,,,,
TELECOM,UIH,F053, 353 ," 20,774.05 ",,,,,,,,,,,,,,,,,,,,,,,,,,,,,,
TELECOM,UIH,F054," 1,000 "," 58,850.00 ",,,,,,,,,,,,,,,,,,,,,,,,,,,,,,
TELECOM,UIH,F055, 931 ," 54,789.35 ",,,,,,,,,,,,,,,,,,,,,,,,,,,,,,
TELECOM,UIH,F061," 5,893 "," 346,803.05 ",,,,,,,,,,,,,,,,,,,,,,,,,,,,,,
TELECOM,UIH,F062, 470 ," 27,659.50 ",,,,,,,,,,,,,,,,,,,,,,,,,,,,,,
TELECOM,UIH,F071," 1,066 "," 62,734.10 ",,,,,,,,,,,,,,,,,,,,,,,,,,,,,,
TELECOM,UIH,F072," 2,079 "," 122,349.15 ",,,,,,,,,,,,,,,,,,,,,,,,,,,,,,
TELECOM,UIH,F073," 2,333 "," 137,297.05 ",,,,,,,,,,,,,,,,,,,,,,,,,,,,,,
TELECOM,UIH,F081," 2,989 "," 176,239.70 ",,,,,,,,,,,,,,,,,,,,,,,,,,,,,,
TELECOM,UIH,F082," 1,432 "," 84,273.20 ",,,,,,,,,,,,,,,,,,,,,,,,,,,,,,
TELECOM,UIH,F083," 1,353 "," 79,624.05 ",,,,,,,,,,,,,,,,,,,,,,,,,,,,,,
TELECOM,UIH,F091," 3,131 "," 184,259.35 ",,,,,,,,,,,,,,,,,,,,,,,,,,,,,,
TELECOM,UIH,F093," 1,247 "," 73,385.95 ",,,,,,,,,,,,,,,,,,,,,,,,,,,,,,
TELECOM,UIH,F095, 484 ," 28,483.40 ",,,,,,,,,,,,,,,,,,,,,,,,,,,,,,
TELECOM,UIH,F096, 448 ," 26,364.80 ",,,,,,,,,,,,,,,,,,,,,,,,,,,,,,
TELECOM,UIH,F101, 709 ," 41,724.65 ",,,,,,,,,,,,,,,,,,,,,,,,,,,,,,
TELECOM,UIH,F102, 204 ," 12,005.40 ",,,,,,,,,,,,,,,,,,,,,,,,,,,,,,
TELECOM,UIH,F111," 2,443 "," 143,770.55 ",,,,,,,,,,,,,,,,,,,,,,,,,,,,,,
TELECOM,UIH,F112, 855 ," 50,316.75 ",,,,,,,,,,,,,,,,,,,,,,,,,,,,,,
TELECOM,UIH,F121, 692 ," 40,724.20 ",,,,,,,,,,,,,,,,,,,,,,,,,,,,,,
TELECOM,UIH,F122, 469 ," 27,600.65 ",,,,,,,,,,,,,,,,,,,,,,,,,,,,,,
TELECOM,UIH,F131," 1,770 "," 104,164.50 ",,,,,,,,,,,,,,,,,,,,,,,,,,,,,,
TELECOM,UIH,F132," 1,699 "," 99,986.15 ",,,,,,,,,,,,,,,,,,,,,,,,,,,,,,
TELECOM,UIH,F141," 2,899 "," 170,606.15 ",,,,,,,,,,,,,,,,,,,,,,,,,,,,,,
TELECOM,UIH,F151," 1,434 "," 84,390.90 ",,,,,,,,,,,,,,,,,,,,,,,,,,,,,,
TELECOM,UIH,F152," 1,049 "," 61,733.65 ",,,,,,,,,,,,,,,,,,,,,,,,,,,,,,
TELECOM,UIH,F014, 615 ," 36,192.75 ",,,,,,,,,,,,,,,,,,,,,,,,,,,,,,
TELECOM,NBCT/TOT,F024, 47 ," 1,257.25 ",,,,,,,,,,,,,,,,,,,,,,,,,,,,,,
TELECOM,NBCT/TOT,F071, 48 ," 1,284.00 ",,,,,,,,,,,,,,,,,,,,,,,,,,,,,,
TELECOM,NBCT/TOT,F072, 852 ," 22,791.00 ",,,,,,,,,,,,,,,,,,,,,,,,,,,,,,
TELECOM,NBCT/TOT,F073, 141 ," 3,771.75 ",,,,,,,,,,,,,,,,,,,,,,,,,,,,,,
TELECOM,NBCT/TOT,F081, 59 ," 1,578.25 ",,,,,,,,,,,,,,,,,,,,,,,,,,,,,,
TELECOM,NBCT/TOT,F093, 600 ," 16,050.00 ",,,,,,,,,,,,,,,,,,,,,,,,,,,,,,
TELECOM,NBCT/TOT,F102, 73 ," 1,952.75 ",,,,,,,,,,,,,,,,,,,,,,,,,,,,,,
TELECOM,NBCT/TOT,F132, 915 ," 24,476.25 ",,,,,,,,,,,,,,,,,,,,,,,,,,,,,,
TELECOM,NBCT/TOT,F152," 1,784 "," 47,722.00 ",,,,,,,,,,,,,,,,,,,,,,,,,,,,,,
ผลรวมทั้งหมด,,," 2,348,742 "," 147,370,805.75 ",,,,,,,,,,,,,,,,,,,,,,,,,,,,,,
,,,,,,,,,,,,,,,,,,,,,,,,,,,,,,,,,,
,,,,,,,,,,,,,,,,,,,,,,,,,,,,,,,,,,
,,,,,,,,,,,,,,,,,,,,,,,,,,,,,,,,,,
,,,,,,,,,,,,,,,,,,,,,,,,,,,,,,,,,,
,,,,,,,,,,,,,,,,,,,,,,,,,,,,,,,,,,
,,,,,,,,,,,,,,,,,,,,,,,,,,,,,,,,,,
,,,,,,,,,,,,,,,,,,,,,,,,,,,,,,,,,,
,,,,,,,,,,,,,,,,,,,,,,,,,,,,,,,,,,
,,,,,,,,,,,,,,,,,,,,,,,,,,,,,,,,,,
,,,,,,,,,,,,,,,,,,,,,,,,,,,,,,,,,,
,,,,,,,,,,,,,,,,,,,,,,,,,,,,,,,,,,
,,,,,,,,,,,,,,,,,,,,,,,,,,,,,,,,,,
,,,,,,,,,,,,,,,,,,,,,,,,,,,,,,,,,,
,,,,,,,,,,,,,,,,,,,,,,,,,,,,,,,,,,
,,,,,,,,,,,,,,,,,,,,,,,,,,,,,,,,,,
,,,,,,,,,,,,,,,,,,,,,,,,,,,,,,,,,,
,,,,,,,,,,,,,,,,,,,,,,,,,,,,,,,,,,
,,,,,,,,,,,,,,,,,,,,,,,,,,,,,,,,,,
,,,,,,,,,,,,,,,,,,,,,,,,,,,,,,,,,,
,,,,,,,,,,,,,,,,,,,,,,,,,,,,,,,,,,
,,,,,,,,,,,,,,,,,,,,,,,,,,,,,,,,,,
,,,,,,,,,,,,,,,,,,,,,,,,,,,,,,,,,,
,,,,,,,,,,,,,,,,,,,,,,,,,,,,,,,,,,
,,,,,,,,,,,,,,,,,,,,,,,,,,,,,,,,,,
,,,,,,,,,,,,,,,,,,,,,,,,,,,,,,,,,,
,,,,,,,,,,,,,,,,,,,,,,,,,,,,,,,,,,
,,,,,,,,,,,,,,,,,,,,,,,,,,,,,,,,,,
,,,,,,,,,,,,,,,,,,,,,,,,,,,,,,,,,,
,,,,,,,,,,,,,,,,,,,,,,,,,,,,,,,,,,
,,,,,,,,,,,,,,,,,,,,,,,,,,,,,,,,,,
,,,,,,,,,,,,,,,,,,,,,,,,,,,,,,,,,,
,,,,,,,,,,,,,,,,,,,,,,,,,,,,,,,,,,
,,,,,,,,,,,,,,,,,,,,,,,,,,,,,,,,,,
,,,,,,,,,,,,,,,,,,,,,,,,,,,,,,,,,,
,,,,,,,,,,,,,,,,,,,,,,,,,,,,,,,,,,
,,,,,,,,,,,,,,,,,,,,,,,,,,,,,,,,,,
,,,,,,,,,,,,,,,,,,,,,,,,,,,,,,,,,,
,,,,,,,,,,,,,,,,,,,,,,,,,,,,,,,,,,
,,,,,,,,,,,,,,,,,,,,,,,,,,,,,,,,,,
,,,,,,,,,,,,,,,,,,,,,,,,,,,,,,,,,,
,,,,,,,,,,,,,,,,,,,,,,,,,,,,,,,,,,
,,,,,,,,,,,,,,,,,,,,,,,,,,,,,,,,,,
,,,,,,,,,,,,,,,,,,,,,,,,,,,,,,,,,,
,,,,,,,,,,,,,,,,,,,,,,,,,,,,,,,,,,
,,,,,,,,,,,,,,,,,,,,,,,,,,,,,,,,,,
,,,,,,,,,,,,,,,,,,,,,,,,,,,,,,,,,,
,,,,,,,,,,,,,,,,,,,,,,,,,,,,,,,,,,
,,,,,,,,,,,,,,,,,,,,,,,,,,,,,,,,,,
,,,,,,,,,,,,,,,,,,,,,,,,,,,,,,,,,,
,,,,,,,,,,,,,,,,,,,,,,,,,,,,,,,,,,
,,,,,,,,,,,,,,,,,,,,,,,,,,,,,,,,,,
,,,,,,,,,,,,,,,,,,,,,,,,,,,,,,,,,,
,,,,,,,,,,,,,,,,,,,,,,,,,,,,,,,,,,
,,,,,,,,,,,,,,,,,,,,,,,,,,,,,,,,,,
,,,,,,,,,,,,,,,,,,,,,,,,,,,,,,,,,,
,,,,,,,,,,,,,,,,,,,,,,,,,,,,,,,,,,
,,,,,,,,,,,,,,,,,,,,,,,,,,,,,,,,,,
,,,,,,,,,,,,,,,,,,,,,,,,,,,,,,,,,,
,,,,,,,,,,,,,,,,,,,,,,,,,,,,,,,,,,
,,,,,,,,,,,,,,,,,,,,,,,,,,,,,,,,,,
,,,,,,,,,,,,,,,,,,,,,,,,,,,,,,,,,,
,,,,,,,,,,,,,,,,,,,,,,,,,,,,,,,,,,
,,,,,,,,,,,,,,,,,,,,,,,,,,,,,,,,,,
,,,,,,,,,,,,,,,,,,,,,,,,,,,,,,,,,,
,,,,,,,,,,,,,,,,,,,,,,,,,,,,,,,,,,
,,,,,,,,,,,,,,,,,,,,,,,,,,,,,,,,,,
,,,,,,,,,,,,,,,,,,,,,,,,,,,,,,,,,,
,,,,,,,,,,,,,,,,,,,,,,,,,,,,,,,,,,
,,,,,,,,,,,,,,,,,,,,,,,,,,,,,,,,,,
,,,,,,,,,,,,,,,,,,,,,,,,,,,,,,,,,,
,,,,,,,,,,,,,,,,,,,,,,,,,,,,,,,,,,
,,,,,,,,,,,,,,,,,,,,,,,,,,,,,,,,,,
,,,,,,,,,,,,,,,,,,,,,,,,,,,,,,,,,,
,,,,,,,,,,,,,,,,,,,,,,,,,,,,,,,,,,
,,,,,,,,,,,,,,,,,,,,,,,,,,,,,,,,,,
,,,,,,,,,,,,,,,,,,,,,,,,,,,,,,,,,,
,,,,,,,,,,,,,,,,,,,,,,,,,,,,,,,,,,
,,,,,,,,,,,,,,,,,,,,,,,,,,,,,,,,,,
,,,,,,,,,,,,,,,,,,,,,,,,,,,,,,,,,,
,,,,,,,,,,,,,,,,,,,,,,,,,,,,,,,,,,
,,,,,,,,,,,,,,,,,,,,,,,,,,,,,,,,,,
,,,,,,,,,,,,,,,,,,,,,,,,,,,,,,,,,,
,,,,,,,,,,,,,,,,,,,,,,,,,,,,,,,,,,
,,,,,,,,,,,,,,,,,,,,,,,,,,,,,,,,,,
,,,,,,,,,,,,,,,,,,,,,,,,,,,,,,,,,,
,,,,,,,,,,,,,,,,,,,,,,,,,,,,,,,,,,
,,,,,,,,,,,,,,,,,,,,,,,,,,,,,,,,,,
,,,,,,,,,,,,,,,,,,,,,,,,,,,,,,,,,,
,,,,,,,,,,,,,,,,,,,,,,,,,,,,,,,,,,
,,,,,,,,,,,,,,,,,,,,,,,,,,,,,,,,,,
,,,,,,,,,,,,,,,,,,,,,,,,,,,,,,,,,,
,,,,,,,,,,,,,,,,,,,,,,,,,,,,,,,,,,
,,,,,,,,,,,,,,,,,,,,,,,,,,,,,,,,,,
,,,,,,,,,,,,,,,,,,,,,,,,,,,,,,,,,,
,,,,,,,,,,,,,,,,,,,,,,,,,,,,,,,,,,
,,,,,,,,,,,,,,,,,,,,,,,,,,,,,,,,,,
,,,,,,,,,,,,,,,,,,,,,,,,,,,,,,,,,,
,,,,,,,,,,,,,,,,,,,,,,,,,,,,,,,,,,
,,,,,,,,,,,,,,,,,,,,,,,,,,,,,,,,,,
,,,,,,,,,,,,,,,,,,,,,,,,,,,,,,,,,,
,,,,,,,,,,,,,,,,,,,,,,,,,,,,,,,,,,
,,,,,,,,,,,,,,,,,,,,,,,,,,,,,,,,,,
,,,,,,,,,,,,,,,,,,,,,,,,,,,,,,,,,,
,,,,,,,,,,,,,,,,,,,,,,,,,,,,,,,,,,
,,,,,,,,,,,,,,,,,,,,,,,,,,,,,,,,,,
,,,,,,,,,,,,,,,,,,,,,,,,,,,,,,,,,,
,,,,,,,,,,,,,,,,,,,,,,,,,,,,,,,,,,
,,,,,,,,,,,,,,,,,,,,,,,,,,,,,,,,,,
,,,,,,,,,,,,,,,,,,,,,,,,,,,,,,,,,,
,,,,,,,,,,,,,,,,,,,,,,,,,,,,,,,,,,
,,,,,,,,,,,,,,,,,,,,,,,,,,,,,,,,,,
,,,,,,,,,,,,,,,,,,,,,,,,,,,,,,,,,,
,,,,,,,,,,,,,,,,,,,,,,,,,,,,,,,,,,
,,,,,,,,,,,,,,,,,,,,,,,,,,,,,,,,,,
,,,,,,,,,,,,,,,,,,,,,,,,,,,,,,,,,,
,,,,,,,,,,,,,,,,,,,,,,,,,,,,,,,,,,
